Name,Counselling,tool1,tool1Message,tool2,tool2Message,tool3,tool3Message,tool4,tool4Message,tool5,tool5Message,tool6,tool6Message,tool7,tool7Message,tool8,tool8Message
"Thereâ€™s always gossip or comparisons, where others think they knew better than me. But for me, itâ€™s a different story altogether, about how I try to do my best","Being compared to others can seem upsetting.Â Being the subject of gossipÂ can seem confusing. I understand how you feel and I am happy to know that you're doing yourÂ partÂ to focus on your own growth.

I'm here toÂ help you findÂ techniques for being more assertive and self-assured.

Let's take some time to understandÂ how you feelÂ when comparedÂ to others. And workÂ onÂ that. And also on howÂ to improve your social relationships soÂ that you can have a fruitful social life.

Before weÂ begin,Â let'sÂ focus our attention on the present moment, awayÂ from thoughtsÂ of the past and theÂ future. This will enable us toÂ proceedÂ with greater clarity.",practice_awareness,"Let's beginÂ by closingÂ your eyesÂ or gently lowering your gaze.Â Now, pay attention to all the sounds around you.Â Simply noticeÂ the sounds. Take a while toÂ stay withÂ it.Â You should now gently observe how your body feels against the wind, the surface that supports you when you sitÂ or stand. Notice the firmness of that support. Gently open your eyes and notice all that you see around you. Allow yourself toÂ settleÂ into the feeling of being here.",guided_journaling,"1. How do you feel when you're compared to others, when theyÂ think theyÂ know better than you, and when they gossip about you?
2. What haveÂ you doneÂ about it so far?",reflective_questions,What qualities doÂ you admire about yourself?,guided_journaling,"Can you remember any incidents when you felt reluctant to express how youÂ felt? YouÂ hadÂ difficulty expressingÂ your needs, andÂ over-apologizedÂ when it was not your fault?",guided_journaling,I feel_______when_______. I need you to____.,guided_journaling,Reflect and evaluateÂ what behaviors areÂ unacceptable to you right now and howÂ can youÂ express yourself and your needs in an assertive manner.,,,,
I would like to have more self-discipline when it comes to my lifestyle. I donâ€™t feel confident or know how and where to start building a routine,"Hello!

Acknowledging a need or a lack of something in oneâ€™s life is a brave and necessary first step to getting better, and Iâ€™m glad youâ€™ve already taken it! Wanting to have more self-discipline is a pretty healthy desire! But, itâ€™s not a cakewalk getting our life in order.

And thatâ€™s the first thing Iâ€™d like you to know - getting self-discipline with your lifestyle is not a linear journey. There are days when it seems easy to make healthier choices and days when you may just want to curl up in bed and eat ice cream straight out of the tub. Going through these waves in your health journey is common and expected.

You seem to have identified a lack of self-confidence - you donâ€™t feel confident in building a routine for yourself, and so you sabotage all your efforts. I wonder what else there is to this pattern. Where does the lack of self-confidence come from? 

Let me give you some food for thought before you answerâ€¦

Many people start their ~~health~~ journey with a specific goal - maybe they want to lose some weight; maybe they want to get on a diet or be able to run a certain length or work and sleep at a particular time. While these specific and concrete goals help us get started, we may need more motivation once we meet them. For example, if your goal is to lose 10 pounds and you manage to do that in a month, you may no longer feel motivated to go further.

Another common reason to lose motivation is setting unsustainable routines. For example, sustaining it may be extremely difficult if youâ€™ve gone from having dessert daily to completely cutting off sugar.

Yet another reason for giving up is when we donâ€™t see obvious results quickly. We may feel that weâ€™re not doing it right or will never meet our goals and give up.

Can you relate to any of this? If not, thatâ€™s alright.",guided_journaling,What do you think are your current goals when it comes to self-discipline? Letâ€™s write it down.,guided_journaling,"What are the messages, values, and beliefs you have learned about self-care? How do you think your beliefs impact your journey?",guided_journaling,What external factors could be contributing to you sabotaging your efforts?,practice_affirmations,"For the good of all, and to the harm of none, I am becoming healthier and happier",,,,,,,,
"I have a hard time finding the motivation or reason to do the things I want to do so badly. I am always coming up with excuses, I am always procrastinating. I am unable to achieve the things I want most out of my life","Hi there!

One of the hardest things to do is to set realistic and achievable expectations. But itâ€™s so so important to figure out how to do this. Because when we set unrealistically high expectations for ourselves, we inadvertently set ourselves up for failure.

Of course, thereâ€™s always scope for improvement. Even the best can get better because better, by definition, is relative. Itâ€™s not a static destination you can reach and check off your list.

But at what point does it become enough?

We often underestimate the value of â€˜enough.â€™ Enough is that sweet spot where weâ€™re fulfilling our potential, have a balance between input and output, and can enjoy different aspects of life - work, recreation, relationships, and good health.",guided_journaling,What does your â€˜enoughâ€™ look like?,guided_journaling,Where do you think your lack of motivation is coming from?,guided_journaling,What does emotional regulation look like for you?,practice_breathing,breathing_4_x_4,,,,,,,,
I tend to feel shame and guilt when I procrastinate getting things done. I just feel annoyed and anxious about myself,"PushingÂ work for laterÂ can feel unsettling at times,Â right? Although we procrastinate for various reasons, itÂ often always leavesÂ us feeling annoyed or guilty. In this mini-therapy, we will reflect on those reasons and howÂ toÂ regulate emotions to overcomeÂ them.Â Letâ€™s go!

Let's start by meditating on the reasons behind your procrastination.",practice_awareness,What thoughts or emotions arise when you think about the tasks you need to complete? Take a deep breath and let these thoughts and emotions comeÂ to you.Â Remember to be kind to yourself andÂ acknowledge these feelings.Â Iâ€™ll give youÂ some time.,reflective_questions,Reflect on your previous experiences with procrastination and consider what might be causing it. What are some underlying emotions or fears? Would you like to sit with this thought? Iâ€™ll giveÂ you spaceÂ toÂ express yourself.,practice_awareness,"Observe your emotions as they come, and acknowledge them without judgment. Once you feel an emotion, youÂ may say it out loud to yourself, and be self-compassionate.",,,,,,,,,,
I want to know how to navigate differences in my relationship but not be so easily affected by the conflicts - it impacts my mood devastatingly and I don't know how to recover from the arguments,"I am so happy to see you here! I see that you areÂ having difficultyÂ navigating differences in your relationship. Donâ€™t worry, youâ€™re not alone! Relationships are trickyÂ even underÂ theÂ bestÂ of circumstances. AddÂ a littleÂ conflictÂ toÂ the mix and they can feel really unsettling.

Conflict isÂ hardÂ when you are with someone you care about.Â Oftentimes,Â emotions are put on overdrive and our ability to have any kind of meaningful conversationÂ goesÂ out the window. Or, we are so afraid of hurting othersâ€™ feelings that we back down entirely andÂ start blamingÂ ourselves.

As you move about this therapy, youÂ will gainÂ a greater understandingÂ ofÂ why it is difficult for you to navigate differences, why conflict feels so devastating to you, and how to regulate your emotions so that you donâ€™t feel so emotionally activated for so long after the conflict.

SoundsÂ good? Great! Letâ€™s get started!

TheÂ bestÂ way to understand the present isÂ to lookÂ at the past. This will help youÂ understandÂ why you are having difficulty. Remember, every behavior stems from somewhere. Knowing where your behaviorÂ originated will help you makeÂ sense of what isÂ goingÂ on now.

What follows are some questions to get you started. This will helpÂ you reflectÂ on how the conflict was handled and resolved in yourÂ family.Â For example, were you told that your opinion doesnâ€™t matter, that you didnâ€™t know anything, etc?Â Did conflict resolve peacefully or did it cause rifts in relationships?Â Whatever it is for you, I want youÂ to writeÂ it down.",guided_journaling,"1. How was conflict handled in your life growing up?
2. What were you told about yourÂ opinion?
3. How were conflicts resolved growing up?",reflective_questions,What is the message you are sending to yourself about your role in the conflict and/or your partnerâ€™s view of you after the conflict?,practice_awareness,Spend some time thinking about this,,,,,,,,,,
"I procrastinate. I may have the time to start or finish something, but I choose not to do it, then I get mad at myself","If you find yourself putting off tasks until the last minute, or even avoiding them altogether, it could be reallyÂ frustrating.Â I understand. Procrastination is a habit that canÂ make us disappointed,Â stressed, and anxious. Everyone procrastinates at some point.Â In this mini-therapy, we will explore the reasons for procrastination and provide some tips to help you deal with it effectively. Letâ€™s go.

At this point, it'sÂ important toÂ understand whyÂ you procrastinate.Â Consider this - If you feel overwhelmed or distractedÂ by tasks at hand, afraid of making mistakes, or even realize that you have high expectations of yourself, you may find it difficult to complete tasks. Why? There could be many reasons why you procrastinate, including fear, lack of motivation, and distractions, among others.

You mentioned not starting a task even when youÂ have time,Â so letâ€™s pause and reflect on this question.",reflective_questions,What will motivate you toÂ actÂ and complete the task?,guided_journaling,Take this space to think about why youÂ procrastinate.Â And reframe those thoughts.,reflective_questions,What other distractions do you want to minimize?Â AndÂ thinkÂ how can you doÂ it?,practice_awareness,"Close your eyes and imagine yourself completing the task at hand. Picture yourself feeling proud, accomplished, and relieved. Allow yourself to feel the positive emotions that come with completing the task. Once you've visualized the outcome, open your eyes and take a deep breath.",,,,,,,,
"I feel like I'm worthless. Worthless because I don't feel like I do things right. I fear that I'll make mistakes when doing tasks, which only confirms my feelings of worthlessness","Hi,Â I'm gladÂ youâ€™re here! What you are struggling with resonates with so many people. That feeling of worthlessness has such a stronghold, doesnâ€™t it? And then fear of failure creeps in and before you know it, it feels like you are diving head first into a shallow pond.

Okay, so that is a weird visual, but not entirely off the mark right?

The point is, you must be feeling pretty overwhelmed with this cycle of feeling worthless, and fear of failure, leading to more feelings of worthlessness.

I amÂ hereÂ to help you understand aÂ little moreÂ about where this feeling of worthlessness comes from, and how toÂ faceÂ it and move toward the things that matter to you.

IÂ knowÂ youÂ feel apprehensiveÂ right now. Do you know how I know that? BecauseÂ you fear failure,Â which means trying new things is super scary. But the fact that you are facing that fear right now just by being here says a lot about your desire to change that.

The firstÂ thing IÂ want you to do is to challenge yourself to release anyÂ story youÂ might be telling yourselfÂ that this wonâ€™t work. ThisÂ will beÂ challenging,Â or youÂ might fail. Iâ€™mÂ goingÂ to give you aÂ mantra toÂ repeat to yourself throughout this therapy and really, throughout your life when you start questioning yourself.",practice_affirmations,"Even thoughÂ I fear failing,Â I fully accept myself for who I am.

Even though I feel scared to try, I completely accept myself.

I am worthy and capable.",reflective_questions,"TryÂ answeringÂ the followingÂ questions.

1. HowÂ was I shown loveÂ growing up? (Did you have to earn it or was it given freely?)
2. How did my caregivers respond when I felt hurt orÂ upset?Â (Did they comfort you or did you have to self-soothe?)
3. What did I have to do to feel safe and connected growing up? (Did you feel noticed only through your achievements, only when you did not have needs, etc)
4. Did I feelÂ criticized growingÂ up?",guided_journaling,Make a list of things that your fear of failure and feeling of worthlessnessÂ is preventingÂ you from doing.,guided_journaling,"Draw two columns on a piece ofÂ paper.Â Take a minute to write down as many negativeÂ phrases youÂ say to yourself as you can on one side. On the otherÂ side,Â reframe those phrases into something more empowering and positive.",,,,,,,,
"Sometimes, I feel really bad, like something is off. It makes me nauseous and vomit, and I cry too","What we feel emotionally is also felt physically. But sometimes, the physical experience can be intense and scary. Nausea, vomiting, and even uncontrollable crying are all distress signs - a plea for comfort. But, they can make us feel even more anxious, especially when they are intense, and seem uncontrollable. ThisÂ isÂ a vicious cycle.

We have anxious thoughts and feelings; we start feeling weird in the body; this makes us worry even more and our anxious thoughts and feelings become more intense; we try to stop it all but when that doesnâ€™t work, we feel evenÂ more terrible,Â if thatâ€™s possible.

Thatâ€™s a lot.

Letâ€™s take a moment to centerÂ ourselves before we moveÂ forward.Â Our breath is a vital tool we can use to regulate ourselves. For most people, deep breathingÂ while anxiousÂ helps them releaseÂ some intensity.Â For some, however, it may make itÂ momentarilyÂ more intense. However, inculcating aÂ daily breathwork practice helps.

Today, I will take you through something called â€˜box breathingâ€™. ThisÂ technique commonly benefitsÂ individuals who experienceÂ physical anxiety symptoms byÂ slowing down their breathing and distracting themÂ withÂ counting.

As you breathe in, hold,Â and out,Â silently count to five.

Letâ€™sÂ beginâ€¦",practice_breathing,breathing_5_x_5_x_5_x_5,guided_journaling,InÂ what situations does this discomfortÂ occur? Think of the last few incidentsÂ and lookÂ for a pattern.,,,,,,,,,,,,
"I didnâ€™t feel passionate about my job. It gave me good money, but I didn't have the courage or resources to try something else. I thought that people will judge me if I quit my job because I wasn't good at it or wasn't making enough money. At least once a year, I feel exhausted and lose interest in work","We all have certain expectationsÂ when it comes toÂ a job. We allÂ have an intent behindÂ our job choices.Â It could be a passion, a purpose, an identity for ourselves, and most of all a meaning to the life we wouldÂ live.Â As soon asÂ the job we seek failsÂ to meet those expectations, weÂ feelÂ stuck. We do the same work, but it doesnâ€™t make us feel empowered but rather drained and exhausted. We lose our interest as it is probably noÂ longerÂ serving the purpose that you expected it to.

Before weÂ moveÂ any further, how about we address theÂ exhaustion you feelÂ now?

Close yourÂ eyesÂ and observeÂ your breathing.

Do not try to rhythm your breathing or exercise them.Â LetÂ itÂ be. NoticeÂ the air you breathe in, the path it takes, and the way you release your breath.

Now, focus on your body. NoticeÂ each jointÂ and muscle.

Now, become aware of any discomfort you are experiencing in your body.

Where do youÂ notice exhaustionÂ in your body?

ImagineÂ now,Â that with every deep breath you take, youÂ are packingÂ an energy ball of light and air.

With each inhalation, imagine this ball traveling toÂ the part of your body where you are feeling exhausted.",practice_breathing,breathing_4_x_4,reflective_questions,"What are the expectationsÂ ofÂ my work?

Are there anyÂ needs myÂ work could fulfill?

What meaning do I wish my work could provideÂ inÂ my life?",guided_journaling,What are some changes you can think ofÂ in your current work that could better meet your needs?,guided_journaling,"Take some time to reflect on your early lived /past experiences, what helpedÂ you feelÂ enriched and interested in your work?",guided_journaling,What are some past instances whereÂ others have formedÂ a negative perception of you?,,,,,,
"Unfair treatment is what really gets to me, especially with my family too, they like my brother best","We all want to be accepted and loved by all.Â More specifically, by our own family members.

So, I understand how you feel when you areÂ unfairly treated.

Your anger hurt, and your feelingsÂ are justified.

First, let's begin with a breathing exercise that will helpÂ you comeÂ back to the present moment andÂ rest your brain.",practice_awareness,"You can keep your eyes shutÂ or gently lowerÂ your gaze.

BeginÂ by observingÂ your naturalÂ breath. AsÂ you breathe in, notice how your chest and stomach expand.

As you breathe out, notice how they fall.

And just remainÂ withÂ each inhalation and exhalation.Â Being aware ofÂ how it risesÂ and falls.

Allow your breathÂ to flowÂ naturally, while you notice how it feelsÂ toÂ breathe in andÂ out.",guided_journaling,"1. Think about what situations or behaviors made you feelÂ unfairly treated.
2. How did you feel about it?
3. How did you respond to it?
4. How have youÂ copedÂ with it?",practice_awareness,"Think of a loving, caring, and supportiveÂ parent youÂ wish you had. Now visualize them speaking toÂ you in a kind and compassionate way.Â For example, they may tell you, â€œI love youâ€, â€œI am proud of all your achievementsâ€, â€œI know you are doing theÂ bestÂ you can and Iâ€™m happy about thatâ€, or â€œItâ€™s okay to be yourselfâ€, â€œYou are perfect the way youÂ are"".Â KeepÂ having a dialogueÂ between yourself and this imaginaryÂ parental figure.Â End the practice by placing your hand over your chest and returning your attention to your natural breath.",guided_journaling,Fill in this statement: IÂ feel_______when_______.Â I need you to____.,send_love_to_yourself,You'reÂ amazing and deserving of all your love.,,,,,,
"With responsibilities, I always tend to feel If not me, then who? I can easily just decide to remove myself from any equation and take the easy way out. But for reasons I can't quite understand, I find it difficult to take this route","I completely understand the burden andÂ exhaustion you must feelÂ with taking so much responsibility on your shoulders.Â After all, weÂ all have limited capacities, and functioning beyond aÂ limit canÂ be overwhelming.

On one hand,Â being a responsible human being is a goodÂ thing. ItÂ shows that you are reliable, accountable, and caring. However, if weÂ push ourselvesÂ too far, by taking on other people's tasks, saying yes to everything, & blamingÂ ourselves for everything thatÂ goesÂ wrong, it might come at the cost of our needs.

Owning your mistakes andÂ blunders can be a signÂ of maturity. However, owning up to other people's feelings, tasks, responsibilities, & mistakes is a sign of over-responsibility. This might lead you to be taken for granted by others. It is necessary to say 'No' to certain things if it comes atÂ your expense.

I can completely understand that taking too many responsibilities and completing them might make you feel satisfied at the end of the day because it could help you feel confident about yourself, could please people around you; however, do you realize that these responsibilities make you feel so exhausted, overwhelmed and it may hardly give you any time forÂ yourself?

Let us try to understand how you feel when you takeÂ responsibilityÂ and when youÂ cannotÂ takeÂ responsibility.",guided_journaling,"Try toÂ rememberÂ when you haveÂ manyÂ responsibilities toÂ handle.Â Also,Â think aboutÂ your feelings when you have no responsibilities toÂ worry about.",guided_journaling,Take note of all the factors that led you to take responsibility,reflective_questions,"What are the current unnecessary responsibilities that you wish toÂ sayÂ ""no""Â to?Â WhatÂ areÂ the costs and benefits ofÂ saying no?",guided_journaling,"Let us fillÂ inÂ a few statements below to set healthy boundaries for improved work and relationships.

1. TheÂ set of tasks that cannot wait to be completed are.......
2. The set of tasks that can wait and be completed later are.......
3. The things that do not necessarily need to be done by meÂ and canÂ be delegated to others are.......
4. The number of hours I wish to give myself and the things IÂ wantÂ to do are.....",,,,,,,,
"Everyone in my life has dumped their troubles on me because they feel heard. But when I have tried to reach out and tried say that I don't feel good and that I'm not doing well, it gets ignored or not even acknowledged","It canÂ be so frustratingÂ to feel like youâ€™re talking into an abyss whenÂ you reachÂ out to someone. First ofÂ all, the very act of askingÂ for support isÂ brave.Â It can feel daunting and require effort. It can be really disheartening when all that effortÂ seems to goÂ to waste. Iâ€™m sorry to hear thisÂ wasÂ your experience.

I wonder how you perceive the lack of acknowledgment or dismissal of your needs.",guided_journaling,What does it mean to you when others areÂ unableÂ to support you?,practice_awareness,"Now, picture them standing in front of you, and betweenÂ you two,Â picture a box. When they say something, you have the optionÂ to either takeÂ it, or put it in the box between you. If you take it, youâ€™re choosing to help them work through it. If you leave it in the box, you have two options - you can come back to it later, when youâ€™re better able to offer support; or, you can return it, and choose not to help them through this issue. When you put it in the box, you can kindly and compassionately communicate to the other, â€˜I am notÂ in a positionÂ toÂ helpÂ you with this right now. Let meÂ come backÂ to you later, or how about you try ____ instead?â€™

Slowly open your eyes.",practice_breathing,breathing_4_x_5_x_6,,,,,,,,,,
"Iâ€™ve previously expressed at work when I need a break, or need extra help, or some relief. But I just don't see any action happening, and you can't help but think that you are forgotten, and only noticed when you mess up","I hear that you feel forgotten at your workplace. You have expressed your needÂ forÂ a break, or extra help, however, the same has not been acknowledged. This entire experience has left you wondering if you even matterÂ inÂ the workplace unless you make a mistake.

I get you.

As part of an organization, we have certain expectationsÂ ofÂ the workplace.Â It's important to us that we're acknowledged for our work and contributions to the larger cause, as well as that the organization takes care of us in return.Â Not feeling supported can beÂ quite an unpleasant experience for us.

It is only human to feel this way.

According to Abraham Maslow, a humanistic psychologist, humans have a basic need for love andÂ belonging that determinesÂ their behavior. Thus, it becomesÂ imperativeÂ that theÂ workplace also fulfillsÂ this need by making us feel like we matter.

IfÂ it is not, setting boundaries and communicating our needs assertively becomesÂ more critical.

In this mini-therapy, we will explore this discomfort and understand some ways to assert our boundaries at the workplace to feel more in control.

LetÂ us exploreÂ some ways you haveÂ tried to communicateÂ your needs. This activity would allow us to better understand your experience and make a holistic sense of it.",reflective_questions,"Reflect on some of the past experiences where you asked for helpÂ and feltÂ forgotten, and unsupported by your workplace.

Take theÂ latestÂ example, andÂ elaborate on it.",practice_awareness,PMR,guided_journaling,WhatÂ do workplace boundaries meanÂ to you? Why is it necessary for you to take a break/extra help or relief at the workplace?,guided_journaling,"What are 1-2 boundaries that you would like to set in your workplace?

Put them in I-statements as youÂ would likeÂ to express them toÂ others.",practice_breathing,breathing_4_x_7_x_8,,,,,,
How do I motivate myself without having the pressure of stress driving me?,"Continuous stress can be overwhelming and leadÂ to negativity.Â The negative loop of thoughts can contribute to mental and physical fatigue. I can completely understand how challenging it would be toÂ find yourselfÂ in this state.

As we begin this journey,Â let'sÂ relax our mind and body. I believe you need toÂ overcome fatigueÂ as you navigate yourÂ journey of finding motivation.Â So, get into a comfortable position andÂ find aÂ quiet space to relax.

Exhale completely through your mouth, making a whoosh sound. Close your mouth and inhale quietly through your noseÂ forÂ a mental count ofÂ 4.Â Hold your breathÂ for a count of 7.Â Exhale completely through your mouth, making a whoosh soundÂ to a count of 8.Â This is one breath.

Now inhale again and repeat the cycle three more times.",practice_breathing,breathing_4_x_7_x_8,reflective_questions,How has stressÂ helpedÂ you in the past?,practice_awareness,"I would like you to close your eyes and think of all the tasks you wish to accomplish in the next 7 days.

ImagineÂ howÂ you wouldÂ desireÂ to live the next 7 days of your life. Think of the tasks you will do. Think of the first thing you will do in the morning. How would youÂ wantÂ to spend each day goingÂ forward?Â What kind of people would you wish to surround yourselfÂ with?Â How would you like to reward yourself and celebrate your small successes? How would you like to spend your leisure time? How would you feel at the end ofÂ a successful day and the end of seven days?

Visualize yourselfÂ atÂ the end of seven days feeling empowered and strong in the face of all the ups & downs.

Slowly open your eyes andÂ returnÂ to the present",guided_journaling,Try to come up with at least the first three small steps you can take to reach your desired accomplished self.Â Talk about how you will feel after taking those steps andÂ how they will benefitÂ you.,guided_journaling,"As you begin your journey towards your accomplished self in the next 7 days, make a list ofÂ things youÂ can control and a list of things you cannot control.",,,,,,
"I have a hard time controlling myself when I get angry, and I lash out. Iâ€™ve lost promotions at work, ruined friendships and romantic relationships and got in a lot of trouble because of it","I know how losing oneselfÂ in angerÂ can feel. Anger, when uncontrolled,Â can harm usÂ andÂ others.

Itâ€™s never easy to acknowledge how we feel and work toward change. Thank you for reaching out for support.

To begin, let's take a deep breath and observe how you feel when you breathe in and out.Â This can help you come back to the present moment and start with a fresh and renewed perspective.",practice_awareness,Pay attention to your natural breath and notice how you feel whenÂ breathingÂ in and out.,reflective_questions,"1. WhoÂ makesÂ you angry?
2. WhatÂ are the things that annoyÂ you?",reflective_questions,"1. How do youÂ express anger?
2. How do you feel afterÂ you've experienced yourÂ anger?",reflective_questions,"How has your anger impacted your friendships, romantic relationships,Â and your workÂ relationships?",practice_breathing,breathing_4_x_7_x_8,reflective_questions,"What behavior would I neverÂ tolerate in differentÂ relationships?

1. WorkspaceÂ (colleagues,Â bosses)
2. Romantic relationship
3. Friendship
4. Family",guided_journaling,"Think of a conversation you hadÂ thatÂ didn'tÂ endÂ well. And let's work together toÂ practice this.

Fill in the blanks using this as a template to express your anger and create a boundary in a healthy manner.

I feel____ when____. I wouldÂ appreciateÂ it if you could______.

E.g., I feelÂ unhappyÂ when I speak and youÂ areÂ busy on your phone. I wouldÂ like it ifÂ you could spend at least 10Â minutes with me without distractions.",,
"I feel like others around me are always oblivious to everything, and have no idea what's actually going on, and how I've been affected. They always just assume Iâ€™m fine and not affected. Sometimes they don't even realize the extent of what actually happened","I understand that you feel like others around you are always oblivious to everything, and have no idea what's goingÂ on with you.Â ItÂ sounds likeÂ you're feeling aloneÂ in your struggles. It can be incredibly difficult when youÂ believe that the people around you don't understand what you'reÂ strugglingÂ through or how deeply you've been affected by certain experiences. Understandably,Â you wantÂ others to acknowledge your feelings and be there for you during tough times.

Let's take some time to exploreÂ this together. What specific situations or experiences have made you feel this way? Please feel free to take as much time as you need to write them down.",guided_journaling,What specific situations or experiences have made me feel like others are oblivious to my struggles?,guided_journaling,How does it make me feel when othersÂ don't understandÂ or acknowledge my experiences and emotions?,practice_awareness,Take a deep breath and let yourself feel whatever you need to feel.,reflective_questions,Take a moment to explore the reasons behind yourÂ difficulty in communicating.,guided_journaling,Think about a specific situation where you felt like your experiences and emotions were not being acknowledged by someone - How could I communicate my feelings and needs to them in a more effective way keeping in mind my difficulties with communication?,,,,,,
"With work, I'm not great at being on time. I take a long time to figure out what should I do next, I get stuck on one step and I beat myself up the whole time","Being on time isÂ a vitalÂ part of our professional and personal lives. And itâ€™s okay to find difficulty being timely at work. After all, youâ€™re human! And yes, it can be a constant struggle for some of us. So letâ€™s address it in this mini-therapy. Today letâ€™s discuss the consequences of being late at work and learn someÂ ways to prioritize your tasks.

As we begin, I want us toÂ spend a minute thinkingÂ about your relationship with time. Could you create a metaphor from your experiences? For example, is time like a river, flowing steadily and moving you along, or is it like a ticking clock, constantly reminding you of the seconds slipping away? It could beÂ anything.Â Iâ€™ll give you a minute to reflect.",practice_awareness,Take some time to reflect,reflective_questions,"What are some other consequences?

How has being consistently late impacted your work, productivity, and stress levels?",guided_journaling,What tasksÂ are the most important for you to complete today?,,,,,,,,,,
I want to forgive my parents,"It can be empowering and liberating to forgive our parents. But gosh, itâ€™s like climbing Everest!

The tricky thing about forgiveness is that sometimes weÂ let it hinge onÂ an apology for or acknowledgment of theÂ hurt the other person has caused us.Â ButÂ we may or may not getÂ it.Â It may be too painful for a parent to acknowledge that theyâ€™ve hurt their child, especially if they havenâ€™t done it intentionally. They may feel embarrassed or ashamed toÂ the point of denyingÂ the painÂ they caused.

So, with compassion for that, letâ€™s work through your need to forgive.

When we hold anger, disappointment, or resentment for someone, it can be really heavy and bog us down. Despite our best efforts, it may show up in our relationship with them. We may even misdirect these feelings to other areas of our life.

Letâ€™s look at how all of thisÂ impactsÂ you.",guided_journaling,How are your feelings toward your parents impacting you and your life?,guided_journaling,Think of an incident where you felt hurt by your parents. What could be some external or situational reasons for them behaving the way they did?,guided_journaling,What are some of your parentsâ€™ shortcomings that may have impacted their relationship with you?,,,,,,,,,,
"Living away from my parents, the memories that pain me the most are the loudest","Ironically, our pain too needs a safe space. QuiteÂ often,Â our painful memories surface at a time when we are no longer immediately surrounded by them. This is especially the case with people who get into problem-solving modeÂ when faced with a challenge.

Say you haveÂ a lot ofÂ disagreements with your parents. When youâ€™re in the middle of an argument, youâ€™d probably spend your mentalÂ resources tryingÂ to find someÂ solution, Â diffuse the situation, or perhaps, escape the situation. In any case, youÂ dealÂ with the situation at hand rather than feeling it.

Itâ€™s only when the stormÂ passesÂ do we pick up the pieces.

The pieces represent our painful memories and feelings.Â They pop theirÂ headsÂ up when they haveÂ theÂ space to be seen or heard.

The factÂ that painfulÂ memories are the loudest for you suggests that you have notÂ had a chance to processÂ them.

How about we do thatÂ togetherÂ today?

Before we dive into it,Â let's groundÂ ourselves with a few deep breaths. Our breath is a powerful and accessible tool thatÂ soothesÂ us through challenging times.

SoÂ close yourÂ eyesÂ and letâ€™s breathe together.",practice_breathing,breathing_4_x_5_x_6,guided_journaling,What are these painful memories about?,practice_awareness,"To self-soothe meansÂ to learn to comfortÂ ourselves. It is something everyone needs to learn and knows how to do to someÂ extent. This isÂ because withoutÂ being able to self-soothe,Â we canâ€™t survive. A very basic type ofÂ self-soothingÂ is eating when youâ€™re hungry. What youâ€™re doing here is identifying a need - food - and doing something to fulfill that need.",practice_affirmations,"I am learning to see my parents asÂ humansÂ first. I am learning to accept that they are notÂ perfect,Â and I can make room for their flaws without carrying the weight.",,,,,,,,
Repeating the same day over and over â€” all I do is take care of my family and household chores which have just burnt me out. This routine makes me feel like I'm on a hamster wheel with no option to get off,"It's understandable how you feel about repeating the same day over and over again, where taking care of your family and household chores hasÂ burntÂ you out. It's like being on a hamster wheel with no end in sight, and yes, that can be overwhelming. In this safe space, weÂ call mini-therapy,Â I'm here to help you explore those emotions, understand your needs and find a routine forÂ you.Â Together, we can create a plan to help you feel more fulfilled and less stressed, and break freeÂ from monotony.

When we are dedicated caretakers, it's easy to overlook the toll it canÂ putÂ on our mental and physical well-being. Itâ€™s a challenging position to be in, but itâ€™s alsoÂ criticalÂ to take care of yourself.Â Letâ€™s take a moment to exploreÂ this.",reflective_questions,How have you noticed burnout affects your daily life?,reflective_questions,WhatÂ can you doÂ to address burnout?,practice_awareness,What could that be for you? Iâ€™ll give you a moment to think,guided_journaling,"Can weÂ ponder upon aÂ couple of self-care activities that can be added to yourÂ routine? YouÂ couldÂ create Self-CareÂ Bingo with this list too. Letâ€™s go!

If youÂ createdÂ a self-care activities list, what would you add to it?",,,,,,,,
Thereâ€™s always a different reason that makes me feel anxious and nauseous and Iâ€™m struggling a bit to really understand the issue,"Anxiety oftenÂ shows upÂ when we feel threatened by or fearful of something. This can be something happening atÂ a particular time,Â or something we anticipate. Sometimes, anxiety can also show up when weâ€™re in a situation that reminds us ofÂ something that happened inÂ the past. In any case, when we feel anxious, there is a voice inside thatÂ tellsÂ us we need to look out for ourselves. For this reason, anxiety can actually be an adaptive and welcome response.

Let me explain with an example - say you wereÂ inÂ a bar with aÂ few of your friends.Â Next to you, a bunch of guys were hanging out together, having a heated conversation. Soon enough, the conversation turns into a fistfight, and you feel scared for your safety. This incident might leaveÂ you feeling uncomfortableÂ every time someone gets into aÂ quarrel.Â It might not turn into a full-blown brawl, but you fear it nonetheless.

Letâ€™s explore what kind of situationsÂ your anxiety feelings comeÂ up in.",guided_journaling,Think back to when you first started experiencing anxiety. What was happening in your life? Was there an event or incidentÂ that might have startedÂ it?,practice_awareness,"Sit upright with your back straightÂ and your shouldersÂ relaxed. With your right ring finger, close your left nostril, and breathe in through the right for a count of 1, 2, 3. Now cover your right nostril andÂ breatheÂ out through the left for 1, 2, 3, 4, 5, 6. Breathe in through the left for 1, 2, 3, and out through the right for 1, 2, 3, 4, 5, 6.

Thatâ€™s one round. Letâ€™s doÂ itÂ twice.

Breathe in through the rightÂ for 1,Â 2, 3, and out through the left for 1, 2, 3, 4, 5, 6. Breathe in through the left for 1, 2, 3, and out through the right for 1, 2, 3, 4, 5, 6. In through the right for 1, 2, 3, and out through the left for 1, 2, 3, 4, 5, 6. In through the left for 1, 2, 3, and out through the right for 1, 2, 3, 4, 5, 6.

Take a moment to relax here.",,,,,,,,,,,,
"I tend to overthink simple things. I've been through a lot in my life so I don't feel like I deserve good things, so I say or do things that aren't appealing","ItÂ takes courageÂ toÂ admit whenÂ things are tough, and it sounds like you've beenÂ goingÂ through some challenging experiences. And Iâ€™m glad youâ€™re here.

It's not uncommon to overthink things or feel like you don'tÂ deserve the goodÂ things inÂ life. This isÂ especially true when you've been through a lot. With this mini-therapy, I want to offer my support and explore how your life experiences mayÂ impactÂ you today.

It'sÂ imperativeÂ to acknowledge and examine our past experiences becauseÂ they shapeÂ our present behaviors and attitudes. When you mention that you've been through a lot, can you tell me more about that? Sometimes, just sharing our stories canÂ be healing in itself.",reflective_questions,What are some specific moments or events that stand out to you as particularly difficult or impactful?,practice_awareness,I appreciate your openness and vulnerability. Iâ€™llÂ give you a moment to pause beforeÂ proceeding.,reflective_questions,"Imagine yourself as a child and write a letter to that child, expressing love and support.Â Take a minute to think about what that would lookÂ like. YouÂ can collect your thoughts here.",reflective_questions,Write down a belief and a positive statement that counteracts that belief.,,,,,,,,
"I donâ€™t feel like going out at all. I donâ€™t feel like picking up phone calls, whether from my parents or friends. I wonâ€™t callback anyone unless I really have to. I just donâ€™t talk to people much","Hi there ğŸ˜Š Please to meet you.

I see how talking to peopleÂ overwhelms you, possibly exaggerating your emotional fatigue.Â You are right, sometimes engaging with people can deplete us of our energy;Â therefore,Â isolation is a preferredÂ courseÂ of action for the body. This is a very normal response to stressors, in your case arising from work, personal life, and relationships. This is not aÂ â€œbadâ€ feeling to encounterÂ and doesn'tÂ make youÂ a badÂ person. Emotions are neitherÂ goodÂ nor bad, but neutral andÂ merely a response.Â When we areÂ goingÂ through a sensory overload, even exposing ourselves to an environment other than our home space (familiarity) can feel too much for our bodies.

Perhaps, you feel obligated to get in touch with friends and families but on the other hand, it also tells me that you could be setting realisticÂ expectations with yourself/people aboutÂ your boundary system, that â€œyou will get in touch with people if you really have toâ€. It shows you might be open to negotiation andÂ consider how sometimes ourÂ boundaries can affect people around us. Have I read that right?

You also concluded by saying â€œI just donâ€™t talk to people much;â€ It tellsÂ meÂ that you talkÂ to people but possibly the talking isnâ€™t â€œmuchâ€, as they or youâ€™d like to have. What do you think?",guided_journaling,"Before we move ahead, letâ€™s try to understand why you feel like isolating yourself from others. whatâ€™s making you isolate yourself?",,,,,,,,,,,,,,
"I want to stop having such adverse reactions in my body which just make me feel horrible. Even though it doesn't happen a lot, it might happen more if I go back to the place where I felt it first and that's why I really want to stop having these reactions","Hi, and welcome! I am soÂ glad youÂ are here; itÂ means youÂ are one step closer to understanding and managing your anxiety.

It must be toughÂ and scary to experienceÂ such physical symptomsÂ likeÂ nausea andÂ light-headedness,Â especially when it is difficult to pinpoint why you are havingÂ theseÂ reactions. Anxiety canÂ be a little bullyÂ sometimes, canâ€™t it?

The factÂ thatÂ you are here tells me that you are motivated to empower yourself so that anxiety becomes more manageable and you can do the things that you want to do.

You mentioned that your anxietyÂ keepsÂ you stuck, preventing you from doing theÂ things youÂ really want to do. AfterÂ completingÂ this mini-therapy, you will:

1. HaveÂ an in-depthÂ understanding of the core issues thatÂ triggerÂ you
2. Have some tools andÂ strategies toÂ calm your body.
3. Learn that it is okay to liveÂ alongside anxietyÂ without it interfering with your life

Ready? Letâ€™s go!

Before we begin, I want you to check in with yourself. Itâ€™s soÂ imperativeÂ to understand what stories you might be telling yourself that couldÂ keepÂ you stuck. Things like â€œI will try this, but I have already tried everything so I am not hopeful this will work,â€ is an example of a narrative that might be keeping you from getting all that you want out of this therapy.",reflective_questions,What is your internal story about thisÂ therapy youÂ are about to do?,guided_journaling,"Let's do a writing exercise. I would like you to get out a piece of paper and reflect on your childhood. PayÂ close attention toÂ the experiences youÂ mentioned that wereÂ notÂ great.Â Think about these questions as you write:

1. How did youÂ feel aroundÂ new people?
2. How did your family handle emotions orÂ times when you were upset?
3. What did you learn aboutÂ your ability to handleÂ difficult situations growing up?",practice_breathing,breathing_4_x_5_x_6,practice_affirmations,Anxiety will not stop me from doingÂ the things thatÂ I want to do. I am strong and capable.,,,,,,,,
"I donâ€™t know why I self-sabotage, Iâ€™m lost. Itâ€™s like an innate characteristic I canâ€™t get rid off","InterestingÂ that you call your self-sabotaging tendencies an â€˜innate characteristicâ€™. Self-sabotageÂ is in fact the manifestation of something deeper - so not really an innate characteristic we canâ€™t get rid of. But of course, it can feel like that because itâ€™s so heavy, especially when we donâ€™t understand where it comes from.

Iâ€™ve always found it fascinating that many of ourÂ problems seem to becomeÂ lighter when we understand where they come from. Thatâ€™s the power of knowledge and insight.

Think of it this way - letâ€™s say youâ€™ve been tasked with sending a voice message to a friend using a brand-new phone, and an app youâ€™ve never heard of before. Itâ€™s all frustratingly unfamiliar, and nothingÂ works.Â You throw your hands up and decide that this newÂ technologyÂ is inherently impossible to navigate. Then, your techie friend comes in and shows you the ropes.Â Once you know how to use the gadget or app, it won't be as frustrating as it was before.Â It doesnâ€™t have that power over you anymore.

Our feelings and thoughtsÂ also work in this way.Â When we donâ€™t understand their mechanics, they can beÂ frustrating! When we gain insight, weÂ escapeÂ them. They no longerÂ controlÂ us.

So letâ€™s try to understand your self-sabotaging tendencies.

I'llÂ askÂ you a series of questions.Â If these are a lot for you to answer right away, thatâ€™s okay. You donâ€™t have to answer them all. ConsiderÂ these suggestions as something youÂ can do in your own time.",guided_journaling,"What kind of self-sabotaging behavior do youÂ find yourself exhibiting?Â This can include procrastination, unhealthy habits, defensiveness, undermining your worth, perfectionism,Â etc.",practice_awareness,"Letâ€™s break it downÂ by differentÂ aspects of your life. Grab a sheet of paper, and make five columns on it: work, relationships, family, friends, and other peer groups, and finally, â€˜selfâ€™.

How would each of these areas of your life be different? What would you do that you arenâ€™t doing right now? What would you stop doing?

You can pause this mini-therapy and fill out the sheet now.Â OrÂ you canÂ returnÂ later.Â Either way, it isÂ okay.",practice_awareness,"So, sit in a comfortable position. Try to keep your back straight. You can lean against a wall or aÂ chairÂ if you like. Close your eyes,Â and letÂ your mind reflect on the source of this self-sabotage.",,,,,,,,,,
Emotionally I just lose control at some point. I have a hard time figuring out emotions and I don't feel a lot of emotions other than anger,"Hello there, Iâ€™m so glad that you have taken theÂ time toÂ work with me to help manage your anger. LetÂ me just start off by saying, boy do IÂ feel you! Sometimes when I have too many emotionsÂ runningÂ on at once, the onlyÂ one IÂ can grab onto is anger. Then IÂ find myself wantingÂ to punch walls and scream from rooftops.

But that rarely works, usually,Â because it is not necessarily anger that I am feeling.Â AngerÂ is theÂ only way IÂ know to manifestÂ all otherÂ emotions.Â We can all understand the anger.Â We have allÂ experiencedÂ it, expressed it, and feltÂ the brunt of it.

I would say that anger, happiness, and sadness are the three emotions that are the most tangible, would you agree? So we tend to put all other emotions into the category of one of these three.

The problem is that they donâ€™t always fitÂ intoÂ one of those categories. And then weÂ tryÂ to be seen and heard, but ultimately not really feelÂ understood. ThisÂ leaves us feeling less seen and less heard, causing more anger. Itâ€™s a vicious cycle.

Does this sound like you? It certainly sounds like me!

Hereâ€™s what weÂ willÂ do together.

1. I will helpÂ you understandÂ what your anger is trying to tell you
2. I will help you identify otherÂ emotions than anger youÂ might be feeling
3. I will help you understand how your angerÂ might be servingÂ you.
4. I will walk you through some exercises that will helpÂ you regulateÂ your body,Â bringing you to a calmer place.

But before we begin, I want you to check in with yourself. Are youÂ feeling the tensionÂ in your body? Are you open to trying these new techniques? For the next few seconds, I would like you to follow this guided breathing prompt. As you do, scan your body and release any tension you feel.",practice_breathing,breathing_4_x_5_x_6,reflective_questions,"1. If anger had a voice, what would itÂ say?
2. What lies beneathÂ the anger?
3. WhatÂ is yourÂ anger motivating you to change in your life?",guided_journaling,Write about your life growing up. What emotions did you witness the most?Â Can you tell me what you learned about thoseÂ emotions?,,,,,,,,,,
"I have trouble sleeping at night, I always sleep really late and then get up really late the following day","Hello, welcome to your safe space. Let us use this space to build a healthy lifestyle.

Most of us desire peaceful and consistent sleep asÂ it is an essential aspect of our lifestyle. I can completely understand yourÂ frustrationÂ aboutÂ notÂ being able to fallÂ asleep at night and wake up early. It must be so frustrating and difficult for you to struggle with sleeping every night. Poor quality sleep can drain our energy levels, and affect our performanceÂ and qualityÂ of life.

If theÂ difficulty in sleepingÂ is temporary due to changes in lifestyle, routine, or certain stressors, it is quite normal andÂ common.Â The problem arises when poor sleep becomes a pattern night after night.Â I am glad that youÂ recognizedÂ your pattern andÂ have taken this step to addressÂ your concern.

Sleep troubles can vary from individual to individual. It may look like tossing and turning on the bed, feeling uncomfortable while lying down, closing your eyes but unableÂ to fall asleep, or feelingÂ restless in bed. It may also be experienced in the form of preoccupation with negative thoughts orÂ ruminating.

Sleeping difficulties can be caused by various factors such as stress,Â caffeine consumption,Â heavy meals, physical health issues, hectic schedules, lifestyle choices, reduced physical activities, and,Â or the useÂ of social media devices in bed.

Let'sÂ explore theÂ ways youÂ experience insomnia andÂ the possible factorsÂ that contributeÂ to it.",guided_journaling,Write about the troubles youÂ experienceÂ while falling asleep and try to recall the timeÂ theyÂ started. Explore the factors that could have played a role at that time that contributed to your difficulties.,reflective_questions,HowÂ doÂ your sleep difficulties impactÂ you?,practice_awareness,"While lying down, place one hand on your upper chest and the other hand at the top of your belly, right below your rib cage. Your hands willÂ help you toÂ make sure that youâ€™re only breathing through your belly during this exercise. Breathe in through the nose so your belly pushes against your hand. Your other hand and your chest shouldÂ remain as stillÂ as possible. WhileÂ keepingÂ your chest still, tighten your stomach muscles and exhale through pursed lips. Let'sÂ try thisÂ 3 times.",guided_journaling,Think of a time every nightÂ and morningÂ that youÂ wantÂ to fix for sleeping and waking up. DecideÂ on at leastÂ one activity that you would like to do consistently beforeÂ headingÂ to sleep every night.,reflective_questions,What would be the first sleep hygieneÂ tip you would like to implement?,send_love_to_yourself,YouÂ deserve loveÂ for taking care of yourself and stickingÂ by yourself throughoutÂ this journey. This shows your determination toÂ improveÂ every day.,,,,
"When I study, I am never satisfied. I want to study more, for a longer duration, but I still feel like Iâ€™m not good enough","I know how it feels toÂ put soÂ much out there and yet feel that it's not good enough, like you're not good enough, trying repeatedly and still not feeling satisfied. I understand how frustrating and discouraging that can be.

Thank you for acknowledging your discomfort and reaching out for support. Let's work togetherÂ to gainÂ a deeper understanding of this discomfort and find ways to manage it.

Before we begin, let's work on a short breathing exercise to help you feel grounded and relaxed.

Follow myÂ lead andÂ breatheÂ in through yourÂ nose. AsÂ you breathe in, feel the air moving from your nostrils and filling up your lungs. Hold your breath andÂ senseÂ the air spread outÂ throughoutÂ your entire being.Â SlowlyÂ breatheÂ out through your mouth asÂ though blowingÂ a balloon, and feel your bodyÂ relax.",practice_breathing,breathing_4_x_7_x_8,reflective_questions,What are the expectations you have aroundÂ studies?,reflective_questions,"How has your perspective about studies, achievement, and successÂ formed? WhatÂ role did your early caregivers or other influential people play in instilling this notion withinÂ you? WhatÂ was their message and how did you internalize it (make it your own)? How do they make you feel?",reflective_questions,I am not good enough - how does this belief make you feel? Is this message helpful? Is this message 100% true? Have you never done better in your studies before?,reflective_questions,"Is there anotherÂ way of seeing yourself and this situation? If youÂ were to replaceÂ the â€˜Iâ€™m not good enoughâ€™ message withÂ a moreÂ helpful and realistic one, what would it be? What would I say toÂ someone IÂ truly love?â€",guided_journaling,"1. Break theÂ goal down intoÂ small simple steps.
2. How can you know it is completed?
3. Is it realistically doable?
4. Is it a priority?
5. Can it be timed?",send_love_to_yourself,You've come a long way andÂ I'm proudÂ of you for your fighting spirit. Wrap your arms around yourself and give yourself all the love you deserve,,
"Iâ€™m not sure why I feel distrustful of others, it just is that way for me. My childhood wasnâ€™t the best, and Iâ€™ve been bullied at school so that may have made it hard to trust people","Hello! Welcome to your mini-therapy. I understand that youÂ are unable toÂ trust others. It sounds to me that you have had some difficult experiences in your childhood that mayÂ contributeÂ to your distrustÂ ofÂ others.

ItÂ takes courageÂ to acknowledge and confront trust issues, so well done for taking this step today. Let's try to understand how your childhood experiencesÂ have impactedÂ your trust issues.

It's not uncommon to face issues in adulthood when we have experienced negative events like bullying in the past. Our past experiences shape our beliefs about ourselves and the world around us, including our ability to trust others. So, if in our childhoodÂ we facedÂ tough situationsÂ that affectedÂ our ability to trust others, it can be veryÂ challengingÂ for us toÂ rely onothers again.

I understand that you experienced bullying in your childhood. That must have been very tough for you. Bullying can have a huge impact on us, especially in our formative years. Itâ€™sÂ imperativeÂ to addressÂ the impact bullying has had onÂ you as a person. Take a moment to reflect on how your childhoodÂ experiences affectedÂ you. Whatever it may be for you,Â please take a moment to reflect.",reflective_questions,Reflect on how my childhood experiences have affected me...,reflective_questions,Can you relate to one or more of these?Â Please take a minute to writeÂ downÂ how trustÂ issues have affected your life.,practice_awareness,How are you feeling right now?,practice_awareness,Can you relate to this?Â Please take a minute to reflectÂ onÂ everythingÂ we discussed.,guided_journaling,"Think about a situation where you made aÂ decision youÂ are proud of. It canÂ be smallÂ orÂ big.Â Write about what made you choose that decision, how you knew it was the right decision and how itÂ madeÂ you feel afterwards.",,,,,,
"When Iâ€™m angry, my thoughts start going into an angry and uncontrollable spiral and I want to hurt the people who are treating me unfairly. I start thinking about how no one likes me or appreciates me or my work, and that they don't think I'm good enough for them, and they like other people better than me","ItÂ is brave of youÂ to express your discomfort and seek support. Thank you for being here. Not being accepted, heard, seen, and appreciated the way we want to, canÂ make us frustratedÂ and angry. More so, when we expect others to treat us a certain way and they fail to do so.Â Itâ€™s only naturalÂ and understandable.

Anger is a powerful tool thatÂ can help protectÂ against harm or injustice. Itâ€™s a basic human emotion felt by all. And yet, we all feel it in different intensitiesÂ and also, dealÂ with it differently. Some use it to express theÂ injustice verbally,Â some internalize it,Â whileÂ others expressÂ it physically.

As we move ahead, weâ€™ll explore your thoughts related to anger, understand the cause and learn the toolsÂ to help you manageÂ your response.

Letâ€™s begin by taking some deep conscious breaths which can help you feel prepared for working on this discomfort",practice_breathing,breathing_4_x_7_x_8,reflective_questions,Recall the situation that madeÂ you feel angry,reflective_questions,"What thoughts ran through your head when you were angry?

What are your thoughts on the situation or the people involved?

WhatÂ do you think about their behavior?",reflective_questions,How do you feel and act when youÂ believe youÂ are not liked or appreciated by others?,reflective_questions,Is this belief backed up by evidence orÂ justÂ myÂ assumption?Â What evidence backs up my belief?Â What evidence proves thatÂ the opposite is true? Could there be any alternative explanations for what's going on?,reflective_questions,"CreateÂ anotherÂ belief or viewpointÂ thatÂ is more beneficial and realistic than ""no one likes or appreciates me or my work""? What proof do you have to back up yourÂ newly formedÂ belief? How might this new belief influence the situation's feelings and behaviors?

For example

Old belief: ""No one likes meÂ or myÂ work.""Â ""They don't think I'm good enough for them, and they likeÂ othersÂ better than me.â€

NewÂ effective belief: ""While some people may not recognize my work or treat me properly, IÂ know IÂ have qualities that others like andÂ value.Â I don't need everyone to like me, and it's okay if some people don't.â€",practice_awareness,"Close your eyes or soften your gaze. Inhale through your nose for 4 counts, visualize breathing in peace and calm, exhale through your mouth for 4 counts, and visualize breathing out the unrest within your body.

Do this 10 times",,
My parents would argue a lot about the same few things as I was growing up. I sometimes feel like they only stayed together this long because they had me to worry about,"Hello my fellowÂ being,Â thank you forÂ workingÂ on this discomfort today.

There is no doubt that we are products of our parents and theÂ environment weÂ are exposed toÂ when growingÂ up. Along with that, our relationship with our parents has a huge impact on our overallÂ life.

NotÂ to forgetÂ that parents are notÂ perfectÂ or have anyÂ illÂ intentions forÂ us. However,Â they are also humans whoÂ fight and argueÂ and make mistakes.

I understand that witnessing your parentsÂ argueÂ while growing upÂ and feelingÂ that they have been together because of you can be disturbing. However, I would want toÂ know howÂ this has impacted you, your personality, and your life.",reflective_questions,Could you shareÂ someÂ thoughts here on its impact on your life?,reflective_questions,What do you think? What kind of attitude and perception has thisÂ experience ledÂ to?,practice_awareness,"I would want you toÂ performÂ a quick body scan here andÂ seeÂ where you experience maximum sensation whenÂ you think about this discomfort. I would like you to take aÂ moment toÂ breathe deeplyÂ and reflect upon that sensation. NowÂ allow yourselfÂ a moment to release all these sensations and feelings that you are carrying with you which are not yours but yourÂ parents'.

Breathe inÂ and as you breathe out release all of these emotionsÂ that are not required by your system.Â BreatheÂ outÂ ofÂ your mouth. Letâ€™s doÂ it together.",practice_breathing,breathing_4_x_4,practice_awareness,I want you to take a small walk here andÂ reflect onÂ this thought. How do IÂ wantÂ my relationship with my parents?,,,,,,
"Iâ€™m feeling triggered right now, what do I do?","Triggers. Yuck. I hate them. They send us into a place full of uncertainty and fear. If we are not careful, before we know it we can find ourselves paralyzed to do anything or avoid all situations that mayÂ induceÂ triggers.

Does this sound like what you are experiencing?

First, I want you to know that triggers are normal humanÂ experiences createdÂ by a stressorÂ that causesÂ an emotional response. Triggers usually bring on more intense emotions, and usuallyÂ uncomfortable ones,Â like anxiety or fear.

We all experience triggers because weÂ are all human.Â I say this toÂ help you know that triggers in and of themselves are not to be feared.Â WhatÂ stops us inÂ our tracks is our own reaction to the trigger.

My guess is that when you feel triggered you either want to avoid the situation all together or if you are already inÂ the situation, you want to do anything you can to get out of it.

Both responsesÂ are normal. However, they might not help you manage future situations.Â Avoidance createsÂ more discomfort.

The first thing to know about your triggers isÂ what emotionsÂ theyÂ evoke.Â Do youÂ find yourself feelingÂ intense sadness, anxiety, betrayal, fear, etc? The next step is to identify places, people or things that provoke these feelings.",guided_journaling,"Take out a piece of paper and make twoÂ columns.Â In the first column, write down all the situationsÂ whereÂ you felt triggered. In the second column,Â expressÂ theÂ emotion(s) youÂ feel inÂ those situations. You can use this space to write about your currentÂ triggerÂ and emotions.",reflective_questions,"Look back at your findingsÂ fromÂ the first exercise. What emotions and situations came up the most? Now, go back in your history and think of times when you felt that way. Is there something about the situation(s) in your life now thatÂ are similar to the original event?",practice_breathing,breathing_4_x_5_x_6,practice_affirmations,"I am strongÂ and capableÂ of handling this situation.

This feeling is just a feelingÂ and cannotÂ hurt me",practice_awareness,"Close your eyes and visualize yourself in the place thatÂ triggersÂ you. See yourself walking into the place, noticing your surroundings. Picture yourself as an empowered person, tellingÂ yourself youÂ are safe. Stay in that space for a minute and notice yourself feelingÂ less and less afraid.",,,,,,
"I want a real relationship, but I donâ€™t think Iâ€™m good enough because of my history of relationships. So, because I like the idea of a relationship, I just deal with almost anything","Iâ€™m sorry to hear that your past relationships have left youÂ feeling unworthy.Â Experiences that make us feel unlovable can make us put our own needs on the backÂ burner. This isÂ especially true whenÂ weÂ have a strong desire forÂ a relationship.

And that is understandable. We are relational beings, after all. We needÂ companionship, love,Â and care. It sounds like your needs haveÂ been in some ways neglectedÂ in your past relationships.

Letâ€™s start this mini-therapy by addressing your needs.",guided_journaling,What are some of your needs that a â€˜realâ€™ relationship would meet?,guided_journaling,Write down one to three â€˜I-statementsâ€™ you can use to communicate your needs in the relationship,guided_journaling,What are some waysÂ toÂ set boundaries in your relationships?,practice_affirmations,I can be compassionate toward myself and my needs even if others are not.,,,,,,,,
My partner and I are not very intimate because I am uncomfortable or don't know how to communicate what I would like,"Oh,Â itâ€™s such an awkward thing toÂ talk about intimacy! I can empathize. Nobody teaches us how to talk about our desires. But what makes it even more challenging is that nobody teaches usÂ to learn to beÂ okay with them either. And so, we carry all this judgment, shame, and embarrassment about our sexualÂ needs. ThisÂ clouds any conversationÂ we may wantÂ to have with a partner.

Take a moment toÂ make yourself comfortable.Â Scan your body from head to toe andÂ release any tension you notice.Remind yourself that you are in a safe space,Â withoutÂ judgment. Stay with this sense of safety and non-judgment for a moment, and try to find it within you to explore your desires with an open mind.",practice_awareness,Take a moment to name and accept your desires for what they are.,guided_journaling,"What are your general thoughtsÂ around talking about desire?Â Do you believe that it can fuel the spark, orÂ that it killsÂ it? What else do you think about it?",guided_journaling,HowÂ do you think your unmetÂ needsÂ impactÂ youÂ at an individual level?,,,,,,,,,,
"I really attempt to be put together, but I feel behind in life. I just wish I was perfect in terms of having things planned out and hitting certain milestones ""on timeâ€","Pediatricians oftenÂ see something called â€˜milestoneÂ anxietyâ€™ amongÂ newÂ parents in their practice. New parents are concerned about their kids learning to walk, talk, read, and write at the appropriate time. This is understandable because it is rooted in biology and enough research demonstrates that thereÂ is in fact anÂ appropriate time to achieve developmental milestones.

But when, as adults, we experience milestone anxiety, it is not rooted in any biological or scientific expectation or explanation. It is rooted in social or cultural expectations toÂ achieveÂ certain goalsÂ atÂ a certain age. The problem with this is that cultural expectations are often not set in stone. They are malleable and negotiable. They are â€˜should besâ€™ that can become â€˜maybe notsâ€™, and not meeting social, interpersonal, or financial goals â€œon timeâ€ doesnâ€™t alwaysÂ imply thatÂ we are inadequate.

But yes, itâ€™s easier said than done.

Before we explore your discomfort,Â letâ€™s take a moment to scanÂ where in your body you feel it. Close yourÂ eyesÂ and scan your body from your head to your toes. Do you notice any tightness? Pain? Tense muscles? Take note of these things, and as you exhale, imagine the uncomfortable sensations leaving your body.

If you feel okay physically, imagine a circleÂ atÂ the center of your chest, and picture it shrinking with each exhalation.

Letâ€™s do this for another few breathsâ€¦ As you exhale, imagine your body feeling lighter and more relaxed. Or, the circleÂ becoming smaller in size.",practice_breathing,breathing_4_x_4,guided_journaling,In what senseÂ do you feel â€˜left behindâ€™?,guided_journaling,Whatâ€™s the sourceÂ of the pressure you feel toÂ meet milestones? Remember - it doesnâ€™t have to be one thing.,,,,,,,,,,
How do I deal with uncertainty about getting a new job?,"Youâ€™reÂ in the midst ofÂ a jobÂ hunt. AlthoughÂ it can be exciting to see what lies ahead of you, itâ€™s okay to feel anxious about the uncertainties.Â Every time you do a job search, you experience different things, and I see that today you are experiencing discomfort with it.Â With this mini-therapy letâ€™s understand how to cope with this feeling, andÂ what would asmall step to navigating through these transitions look like.

Feeling uncertainÂ about finding a jobÂ isÂ normal. This isÂ because jobÂ hunting can be unpredictable and stressful, especially if you are not sure what the future holds. But, this uncertainty can also provide opportunities for growth and learning.",practice_awareness,Iâ€™ll give you a minute to consider it.,practice_awareness,Was there a time you took a chance and learned from that experience?,practice_affirmations,IÂ have the ability toÂ adapt and overcome challenges. I will remain open-minded while exploring different opportunitiesÂ and trust IÂ can handle whatever comes my way.,reflective_questions,"For the next 2 weeks, can you think of a goal you would like to work on? What would you need to do to achieve that?",,,,,,,,
"I push everyone away that gets too close and just self-sabotage. I don't seem to be able to stick to some of my relationships for very long, because I don't let them in","Hi there!

It sounds like you're walking with walls around you. There is a part of you that wants these walls to break down - this is the part that maybe removes one brick here, one there, allowing for a little bit of closeness, a relationship for a short while. But, if it gets too much, if there's too much coming in through these gaps, something in you tells you to put the bricks back up and close the walls again.

You don't want to let anybody into this safe little cave you've created for yourself, even though it might get a little lonely and suffocating in here all by yourself.

When we can tolerate only a little bit of closeness, only for a short while, it suggests we have an inner conflict. We want it, but also, we don't. The part that wants it is acting from a natural, healthy need for companionship, love, and belongingness.

Let's explore the part that pushes everyone away.

I am going to ask you a series of questions. Try to answer them to the best of your ability, but if you need more time, that's okay. You can come back here anytime to continue your reflection.",guided_journaling,"At what point does it start feeling 'too much'? Too close, or too long?",practice_awareness,"Imagine that tonight, while you're asleep, a miracle happens and someone breaks down this wall around you. The parts of you that feel undeserving of closeness and love. The fears that hold you back. When you wake up tomorrow, you won't have this wall around you. You are free to explore the world without anything within you sabotaging your efforts and needs.

And you have closeness, intimacy, and a sense of belongingness and safety in a long-term relationship.

What does that feel like? What does that look like?

Open your eyes, and tell me all about it.",guided_journaling,How did it feel to have closeness and intimacy?,practice_breathing,breathing_4_x_5_x_6,,,,,,,,
I experienced intense parentification growing up. I took the responsibility for my parentâ€™s feelings and I was often more of a parent to them than them being a parent to me,"Hi there! I am so glad to see you here. It takes a lot of courage to show up for yourself! My goal is to help you feel validated and seen as you work your way through this therapy.

Growing up in an environment where you were the emotional caretaker of your parents is not fair. As a child, it is never your responsibility to take on the role of a parent. I am so sorry that this happened to you.

Before we get started, make sure that you are seated in a comfortable position. Maybe grab a hot cup of tea, coffee, or water. The more comfortable you are, the more your body can relax and allow you to be present.

The following exercise allows you to follow the prompt as it guides you through a breathing exercise. Notice how you feel now and then again after you finish the exercise. Is your body more relaxed? Do you think that your mind is clearer?",practice_breathing,breathing_4_x_5_x_6,reflective_questions,How did you feel the most validated in your family? Take some time to write down ways you were required to behave or things you felt you needed to do to feel loved by your family?,practice_awareness,"Letâ€™s do a self Check In: Take a minute to check in with yourself. How are you feeling emotionally right now? Do you feel tension anywhere in your body? If you do, stay with me for a while and just breathe.",reflective_questions,In what ways can you begin to practice self-care today?,guided_journaling,"Here are two questions that I encourage you to write the answers to. You might need to give them some thought:

1. What do you wish your parents knew about you?

2. Envision a younger version of yourself; as your adult self, what would you like your younger self to know?",guided_journaling,Try doing this exercise for one event from your childhood,reflective_questions,"To do that, you will want to answer the following questions.

1. What in my life causes me stress? (ex: when I have too much on my agenda)",,
"Self-hatred is my biggest concern right now. I wish I could deal with it somehow, but Iâ€™m just stuck on it. Even when I try working through it, I automatically get back to my negative thoughts, so I just give up","Self-hatred is a strong word! And a strong feeling, too,Â IÂ imagine.

Negative thoughts canÂ takeÂ many forms.Â They feel automaticÂ when uncheckedÂ and unexamined. Weâ€™ll examine these thoughts today, together.

But before that,Â letâ€™s take a moment to groundÂ ourselves. This will help us explore the discomfort with clarity and calm.

Letâ€™s do this by practicing anÂ â€˜anchoringÂ phraseâ€™. In one to three sentences, describe your surroundings.

For example, my anchoring phrase right now would be - â€˜I am sitting in a beautiful coworking cafe, and itâ€™s raining outside. Itâ€™s quiet except for the sound of rain and people typing away on their laptops.â€™

Got it?

Now, letâ€™s practice yoursâ€¦",practice_awareness,Practice your anchoring phrase by describing your surroundings in one to three sentences.,guided_journaling,WhatÂ does this self-hatredÂ entail? WhatÂ do negative thoughts about yourself say?,guided_journaling,"Think of the last time you spiraled into self-hatred. Now, letâ€™s pause and write down the thoughts, feelings, and situation.",guided_journaling,Write down a negative thought youâ€™ve had in the past.,,,,,,,,
"I'm trying to make my long-distance relationship work. I'm okay with my partner fulfilling their needs elsewhere, but I'm so afraid they'll bond with someone else and I'll lose them","Hi there!

Long-distance relationshipsÂ are challenging,Â arenâ€™t they?Â ThroughÂ no fault of your own, or your partnerâ€™s, this external circumstanceÂ limitsÂ how you can show up in the relationship. I respect yourÂ acknowledgment of the fact thatÂ you may not be able to fulfill all of your partnerâ€™s needs. Long-distance orÂ not, it is not possible for one person toÂ be everything to their partner.

I wonderâ€¦ what are the unmet needs in your relationship? And not just your partnerâ€™s, but yours, too.

Letâ€™sÂ spend some time exploringÂ this.",guided_journaling,"What are some of your partnerâ€™s needs that areÂ not being metÂ in the relationship? And is this something theyâ€™ve mentioned? If not, what makes you feel these are unmet needs?",guided_journaling,What are some of your needs that are currently not being met in the relationship?,practice_awareness,"Close your eyes and imagine youâ€™re sitting in your happy place. This could be a real physical place youâ€™ve been to before or a fictional place that makes you feel calm and centered.

Youâ€™re alone here.

Youâ€™re relaxed here.

Soak this image in - what do you see around you? What do you hear? What can you smell, touch and taste?

Give yourself a gentle smile, andÂ feel this sense of peaceÂ fill yourÂ body. In this moment, youâ€™re whole.

Take a deep breath in, allowing this sense of peace toÂ grow,Â and exhale,Â letting yourself relax.

Slowly open your eyes.",,,,,,,,,,
"I sometimes feel like my partner will cheat on me, even when itâ€™s irrational and I have no logical reason to feel so","Hi there, welcome to your mini-therapy! So, you have beenÂ experiencing feelings of anxietyÂ and insecurity in your relationship. I understand that you have been feeling like your partner might cheat onÂ you. This isÂ even when youÂ know it'sÂ irrational and you have no logical reason to feel that way. It can be reallyÂ challengingÂ to deal with these feelings, but I'm here to help you work through them.

First of all, I want to acknowledge that it's completely understandable for you to have trust issues given your past experiences ofÂ being cheated on.Â It's normal to feel anxious or even worried about your current relationship, even if your partner hasnâ€™t given you any reasons to doubt them.

But, at the same time, itâ€™sÂ imperativeÂ to understand that your past experiences donâ€™t necessarily define your current relationship.

Trust is one of the mostÂ importantÂ things in a relationship and youÂ deserve aÂ healthy, trusting and secure relationship. So,Â let's exploreÂ what your needsÂ are toÂ feel safe and secure in your relationship.",reflective_questions,"What are your expectations of your partner? Is itÂ betterÂ communication?Â VerbalÂ reassurance, orÂ perhapsÂ something else? Whatever your expectations areÂ ofÂ your partner,Â please take a moment to writeÂ them down.",practice_awareness,"Close your eyes and take a deep breath. Hold your breath for a few seconds, and then exhale slowly through your mouth. Repeat this a few more times. As youâ€™re doing this, forget about everything elseÂ and concentrate on your breath. When you are ready, open your eyes and we can continue.",,,,,,,,,,,,
"Iâ€™m going through some huge transitions right now. So, everything feels very shaky in my life, as if there are no roots","Hello there ğŸ˜Š

This transition sounds likeÂ it's beenÂ tough on you. I understand the confusionÂ that comes with aÂ shaky ground. It is okay to feel this way during a transition!

To some, sudden or continuous changes canÂ over-stimulateÂ their sense organs. This feeling that everything is â€œshakyâ€, and we are about to fall, usually stems from anxiety in times of extreme unpredictability. More like a sinking sand effect, have I got that right?

However, when our bodyÂ goesÂ through bouts of â€œshakinessâ€ and â€œroot-lessnessâ€, as first-aid, it is necessary to shift our focus to reducingÂ the effects of anxiety toÂ better navigate the confusion. Please know that anxious feelings and thoughts cannot be stopped or eradicated from the human system. What you and I can do isÂ reduce anxiety effects (suchÂ as confusionÂ and shakiness)Â to better support yourself through this transition.

Letâ€™s do a small exercise that couldÂ lead to a sense of calm.",practice_awareness,"Perhaps we can begin by paying attention to thisÂ feeling of shakiness.Â Letâ€™s allow ourselves to feelÂ it. Tell yourself, â€œThis feeling is okay to have, it makes me human.â€ Take some time to soak in that thought.

When you are ready,Â let's name thisÂ â€œfeeling ofÂ shakiness"".

Where do you feel shakiness in your body?

Observe which part of your body this emotion isÂ making its presence known.Â Tell yourself itâ€™s an emotion, you are not your emotion, and this is your bodyâ€™s way of responding to something unpleasant. Now, take a deep breath in, hold, and exhale.

Letâ€™s continue to keepÂ in touch with this emotion.

Picture this emotion as a wave, where you can float in it, or ride on it to the shore. You are not yourÂ emotions. Youremotions donâ€™t make youÂ an unworthyÂ person. ItÂ is a response to a stimulus.

Bring yourÂ attentionÂ to the present. Shift your attention to yourÂ breath.Â It is your anchor; it calms your agitated nervous system. Listen to how you inhale and exhale. When this feeling comes back, let yourselfÂ know that itâ€™sÂ okay.Â Feelings do exactly that, they comeÂ and go.

LetÂ ShakinessÂ (or whatever youÂ namedÂ the emotion) be in the room with you. Approach it with curiosity. Does it have a shape? Does it speak? What does it say to you? Perhaps ask it what it wants from you.",guided_journaling,Let's writeÂ down what it wants. This can help youÂ gain better clarity inÂ this situation. Make a list if you need to. Divide the list into priorities and non-priorities; What you can do at the moment and vice versa. How are you feeling now? Take a minute to gather your thoughts and emotions. Inhale andÂ exhale.,guided_journaling,Write down whatÂ minuteÂ steps you can take to gain clarity,,,,,,,,,,
"I always thought that once I reach a certain compensation package or title, I would be really happy and my job would become less exhausting. But, with more money and better title and recognition also.. nothing really changes","Hi there!

Anticipation of something is often more intense than howÂ itÂ unfolds.Â When we expect something to make us really happy, or really sad, we often find that our actual experience of it is a few notches lower.

But, I suspect thereâ€™s more to your unhappiness than unrealistic expectations. You have met certain goals, and you have more money, and a better titleâ€¦ but it doesnâ€™t feel as good as you thought itÂ would. IÂ understandÂ that. Iâ€™veÂ experienced something similar - a sense of emptiness after meeting a huge goalÂ I had setÂ for myself.

Hereâ€™s what happens when weÂ workÂ focused on a goal - our body and mindÂ enterÂ a state of stress. You see, stress is not always negative. There is something called â€˜U-stressâ€™ or â€˜positive-stressâ€™ - itâ€™s that sense of anxiety or nervousness before an exam orÂ majorÂ presentation that pushes you toÂ workÂ harder. EvenÂ though positive stress helps you achieve your goals, it isÂ stillÂ stress. And when you finally meet that goal, instead of the satisfaction you anticipated feeling, you end up feeling exhaustedâ€¦ BECAUSE YOU HAVE BEEN WORKING SO HARD FOR SO LONG!

Before we dig deeper into your discomfort, why donâ€™t we pause and do absolutely nothing for a moment? Close your eyes, sit back,Â and allow your body and mind to relax.",practice_awareness,"RelaxÂ your feet, your knees, your thighs, and your hips. Relax your stomach and allow it to expand and shrink as you breathe in and out. Relax your shoulders, jaw, and eyebrows. Let your tongue fall off the roof of your mouth.

Letâ€™s stay here for a few more seconds.",guided_journaling,"How did you expect your work situation to change after reaching a certain compensation package or title? Think of it in terms of your role, your daily responsibilities, and your relationships with your colleagues and bosses.",guided_journaling,How is your physicalÂ self impactedÂ by this? Do youÂ find yourself getting moreÂ tired? Do you struggle to wake up or sleep? Howâ€™s your appetite?,,,,,,,,,,
My partner is feeling down and itâ€™s affecting me - Iâ€™m unable to focus on anything,"It sounds like you are going through a tough time because your partner is feeling down, and itâ€™s affecting you and your ability to focus on anything. I understand that it can be challenging to deal with our emotions when our loved ones are involved, so itâ€™s crucial for us to acknowledge these feelings.

While itâ€™s important to support our partners through difficult times, itâ€™s also important to recognize the impact that it can have on our own well-being. So, letâ€™s take a moment to explore how YOUâ€™RE feeling and what YOU need in this situation.",reflective_questions,What are your thoughts and emotions about your partner feeling down?,reflective_questions,"What specifically about your partner feeling down affects your ability to focus on anything? Is it concern, helplessness, or anything else?Â Take a few minutes to think about this.",practice_awareness,"Letâ€™s begin.

Take a deep breath and exhale slowly. As you exhale, imagine all the anxiousness and stress leaving your body. Now, think of a calming scene or phrase you can repeat to yourself when you feel overwhelmed. It could be your happy memory, like a happy trip with your partner or your safe space. Or, it could be a phrase like â€œI am calm and in controlâ€ or â€œI can handle my own emotions.â€ Repeat this phrase to yourself a few times, and notice how it makes you feel",guided_journaling,"Where in my busy day can I add time for myself to recharge? What activities can I do that can help me focus on myself? The activities could be - going for a run, reading a book, watching my favorite movies, taking a nice long bath, etc.",,,,,,,,
I want to learn how to trust myself and not abandon myself when things get rough,"Hello. Welcome to your safe space. I am so glad to see you taking care of yourself.

Learning how to trust yourself and believe in yourself is one of the most essential aspectsÂ ofÂ healthy and happy living.

Staying true to yourself in a world where people's opinions andÂ expectations dominateÂ the mind canÂ beÂ challenging.Â It isÂ criticalÂ to regain our self confidence inÂ the event of a setback or a mess up.

When youÂ want toÂ trustÂ yourself,Â theÂ journey beginsÂ from within. It is all about looking inwardÂ despiteÂ demands, expectations, and setbacks. It is not selfish toÂ priortize one's desiresÂ and be your own authority. It isÂ a crucialÂ element of a fulfilling life.

Trusting oneself meansÂ lookingÂ after one's needsÂ and safety.Â TreatingÂ yourselfÂ withÂ love and compassion irrespective of whatÂ happens. You love your family and friends even when they mess up. You understand them. This kind of love and understanding is all that you need rather than striving for perfection because no one isÂ perfectÂ in this world. Refusing to give up on yourself even when nothing is right isÂ self-trust.

Sometimes, lack ofÂ self trustÂ can also happen when your parentsÂ have often fixed your problems or takenÂ care of yourÂ responsibilities. ThisÂ has not really given you a chance to take responsibility and test your capabilities.

Family,Â community, and society expect usÂ to be a certain kindÂ of person.Â This pressure toÂ wearÂ a mask may also make us feel thatÂ ourÂ original personality isn't good enough.

You are not alone in havingÂ a hard time trusting yourself.Â As we grow up,Â becauseÂ we are humans, we all makeÂ mistakes, receive negative opinions, experienceÂ setbacks and failures. These experiences are bound to create difficultiesÂ withestablishing self-confidence.Â AsÂ adults,Â it is our job to navigate through these experiencesÂ andÂ build a realisticÂ perspective. We must alsoÂ challengeÂ our negative baggage.Â Our problem, however, is that there are some of us who believe in the baggage rather than challenging it, which makes it very difficult.

As weÂ discussÂ the origins of lackingÂ self-trust,Â let us delve further into your experiences that affectedÂ self-trustÂ in you.",guided_journaling,Make a list of experiences you have livedÂ that have madeÂ itÂ difficult toÂ trust yourself.,reflective_questions,How does lack ofÂ self-confidence manifest?,guided_journaling,Step 1. Identify your needs,practice_awareness,"Let's visualise your true self whereÂ you trustÂ yourself.

What would your facial experienceÂ lookÂ like? What clothes would youÂ wear?Â What kind of activities would youÂ engagein? What kind of people would youÂ interactÂ with? How would youÂ expressÂ yourself to them? How strong and happy would youÂ feel?

Visualise your empoweredÂ self now.",reflective_questions,What is the firstÂ step toÂ reachingÂ your visualized self?,practice_affirmations,"My needs matter

I amÂ capable andÂ competent

I am ready and willing to be theÂ bestÂ version of myself",,,,
"I don't believe in myself and my skills, even when people praise me for them","Dear human, I want you to know that itÂ takes courageÂ to admit that you struggle to believe in yourself and yourÂ skillsÂ even when others praise you. Although this is a common feeling, it can be tough to understand why it happens. But don't worry!Â The purpose of this mini-therapy is to help you better understand it.

Before we begin, I want to leave a phrase here. Feel free to read it slowly and understand how it feels to say it to yourself. Here you go!

IÂ am deserving ofÂ love, respect, and admiration, just the way I am.

Let me say it again. This time, read it with me. IÂ am deserving ofÂ love, respect, and admiration, just the way I am.",reflective_questions,"As youÂ listenÂ to this, what does it make you feel or think? Would you like to share it with me?",reflective_questions,Can you think of a time whenÂ you feltÂ proud of your accomplishments andÂ allowed yourself to internalizepraise?,send_love_to_yourself,"IÂ am deserving ofÂ love, respect, and admiration, just the way I am",,,,,,,,,,
"I have friends that I like being around, but I am afraid of letting them in because I'm having a hard time confiding in them","What a joy it is to have friends whose company you enjoy! FriendshipÂ is such a specialÂ relationship, isnâ€™t it? We have no obligation or compulsion to have this person in ourÂ lives.Â We chooseÂ them over and over again.Â It is also that one relationship in our lives where we can be ourselves because our lives donâ€™t intertwine with ourÂ friends' often.

Friends are like passengers on parallel trains sticking their hands out to each other, enjoying this wild ride!

Friends come in all shapes and sizes.Â Some,Â we may have shared interests and activities we can do together. Others, we may likeÂ to have around to party.Â And there areÂ a selected few withÂ whom we can develop deeper bonds. They become people we can lean on, and seek support from in times of need. And vice versa.

What are your friendships like? Why donâ€™t you tellÂ me aboutÂ it?",guided_journaling,What type ofÂ friendshipsÂ do you have? What kind of friends do you have?,practice_awareness,"Now I want you to close your eyes and imagine something with me. Imagine youâ€™reÂ learning toÂ swim. Where do you do this? In the ocean? Or in a pool?

Iâ€™d guess you learn in a pool.

Where in a swimming pool would you start?

The shallow end, right?

So, here we are, at the shallow end of the pool. Weâ€™ve learnedÂ about breathingÂ techniques,Â how toÂ move our arms and feet, and weâ€™re good to go.

Now, as you start swimming, you realize that you canÂ keepÂ your headÂ underwater forÂ a short while.Â At the beginning, you may need to keep your head above water.Â As you practice and get better, you canÂ submergeÂ your head under water for two strokes, and then three. Maybe five.

But no matter howÂ adeptÂ you get at swimming, you learn thatÂ you needÂ to come up to catch a breathÂ every now and then.

Open yourÂ eyesÂ and letâ€™sÂ talk.",guided_journaling,How do you think it would reflect on you if youÂ confidedÂ in your friends?,practice_affirmations,"I embrace growth in my relationships, and myself, and allow the care I deserve",,,,,,,,
"When something bad happens I feel anxious. I don't feel like it's okay..like there's something telling me that I'll never be happy and content, and the idea of being happy, is just alien to me","Hey, it's only natural to wish forÂ goodÂ things in our lives. And it makes sense to feel out of control and anxious when things donâ€™t work in our favor. Anxiety as an emotion, when unchecked, can push us intoÂ thinking in a self-critical manner.Â We may also tend to blow things out of proportion, magnify the possibility of something bad happening to us and truly believe them to be true. I understand. Your emotions are realÂ and a natural responseÂ to the situation.

It takes so much insight and courage to acknowledge, express and reach out for support. I'm glad you're here. Together, we'll work to understand the cause behind your discomfort, how it's impacting your well-being and eventuallyÂ learnÂ some tools and techniques to cope with it.

Let's begin â™¥ï¸

The biopsychosocial model of anxiety proposed by Georgy Engel, says that whenever we feelÂ anxious,Â our brain, in particular aÂ part of the brain called the amygdala, sends a warning-like signal against real or imagined danger to us. Our body then reacts byÂ gathering energyÂ to dealÂ with the realÂ or imagined danger orÂ pushingÂ it away to avoid discomfort. We also lackÂ theÂ ability to problem solve and makeÂ informed decisionsÂ when weÂ areÂ anxious. But there is still a way of gaining control over the brain and sendingÂ a safety message backÂ to it. You can do this by controlling your breathÂ when anxious.Â Here's why it works. Our bodies natural response to danger is by increasing ourÂ heart-rate, breathing, tensing our musclesÂ to fight or run. And so conscious deepÂ breathingÂ helps us send a message of safety and well-being. AÂ well-researchedÂ breathing tool for anxiety isÂ called the '4-7-8Â breathingÂ technique'.

SlowlyÂ breathe in through your nose for 4 seconds, hold your breath for 7 seconds, andÂ slowlyÂ relax andÂ breatheÂ out through your mouth for 8Â seconds. This isÂ likeÂ blowing a balloon.

Let's try it out together â™¥ï¸",practice_breathing,breathing_4_x_7_x_8,reflective_questions,What are the situations that are most likely to makeÂ you feel anxious?,reflective_questions,"What roleÂ does anxiety play in yourÂ career, your relationships, your spiritualÂ life, finances, etc.?",practice_awareness,"IfÂ you feelÂ anxious, close your eyes and notice where inÂ yourÂ body youÂ feel this discomfort. Just remain with it. Support it by placing a hand on the part of the body that's causing you discomfort or simply, support yourself by wishing yourself well.",reflective_questions,"Are youÂ never going to feel happyÂ and content again? If yes, provide supporting evidence thatÂ provesÂ itÂ isÂ 100% true.",reflective_questions,"Now let's twist the approach aÂ bit. AskÂ yourself, what are theÂ things that keep you happyÂ and content?",practice_awareness,"Close your eyes or soften your gaze. Concentrate on your breath and allow it to flow naturally.

Bring forward 'the anxious part' and 'the well-wisher'.

Give 'the well wisher' the chance to ask 'the anxious part' what it reallyÂ needs. In silence, try to listen to what this part has to sayÂ non-judgmentally and compassionately.Â Remember nothing is right, wrong,Â good,Â orÂ bad.Â AcceptÂ everything justÂ as it is.",guided_journaling,Write wordsÂ ofÂ kindness and supportÂ forÂ yourself.
"I don't believe in myself and my skills, and I'm afraid to start a new project/or do tasks that are important to me. I push them back because as long as nothing has been done, then I can't be wrong, I can't be blamed if it's not good","Hello, human; I want to tell you it is okay to feel this way. It is fine! Letâ€™s start there. The fear of failure can be a daunting hurdle to overcome, and understandably, you may feel like pushing back tasks until you feel ready. But the truth is, no one is ever truly ready, and waiting for the perfect moment can mean missed opportunities.

Itâ€™s natural to want to avoid failure. No one wants to feel like theyâ€™ve let themselves or others down. But the reality is failure is a natural part of the learning process. Itâ€™s how we grow, learn, and become better versions of ourselves.",reflective_questions,Think about a time when you failed at something. What did you learn from that experience?,practice_awareness,"What went well, and what could be improved next time? Take a minute to sit with this question.",reflective_questions,What are some of your unique strengths and talents?,,,,,,,,,,
"Iâ€™ve begun to feel jealous because my partner has been looking at other people, and I donâ€™t get how he could, because he often said he couldn't imagine how I could ever be with him","Hi there!

A very fascinating thing about human emotions is that every feeling serves a purpose. In some way or another, everything we experience - even the unpleasant stuff - is trying to protect us in some way.

Jealousy comes up when we feel threatened. In a romantic partnership, it comes up if we fear that particular behavior or person is pulling our partner away from us. In those moments when your partnerâ€™s eyes and mind wander away from you and to another person, he IS away from you.

When you feel jealous at that time, itâ€™s good to pay attention to it because that feeling tells you, â€˜Hey, somethingâ€™s wrong here. You gotta make sure you donâ€™t lose this relationship or person.â€™

Thatâ€™s the purpose of your heart turning green. Itâ€™s like your inner Shrek awakening. Befittingly, jealousy can make us feel angry and resentful.

Letâ€™s look at whatâ€™s underneath your feelings of jealousy.",guided_journaling,What thoughts come up when you catch your partner checking someone else out?,guided_journaling,What other changes do you observe in your partner?,guided_journaling,Write down what youâ€™d say to your partner using this template: â€˜I feel [insert feeling] when you [insert action]. Can we talk about this and work on it together?â€™,practice_awareness,Close your eyes and visualize being happy with your partner. What does that look like? What do you talk about? What activities do you do together? What makes you feel loved and cared for? What makes your partner feel loved and cared for?,,,,,,,,
